Horizon_Days,Predicted_Total,Daily_Average,AIC
30,54.824537349466695,1.8274845783155564,25897.433885695245
60,109.94282040932168,1.8323803401553613,25897.433885695245
90,165.06110346917666,1.8340122607686296,25897.433885695245
